2026-09-29T20:05:38Z,3, 15360, 0, 27.43
2026-09-29T20:05:40Z,3, 15360, 0, 14.22
2026-09-29T20:05:42Z,3, 15360, 0, 14.22
2026-09-29T20:05:44Z,3, 15360, 0, 14.22
2026-09-29T20:05:46Z,3, 15360, 0, 14.21
2026-09-29T20:05:48Z,3, 15360, 0, 14.22
2026-09-29T20:05:50Z,3, 15360, 0, 14.22
2026-09-29T20:05:52Z,3, 15360, 0, 14.22
2026-09-29T20:05:54Z,3, 15360, 0, 14.22
2026-09-29T20:05:56Z,3, 15360, 0, 14.22
2026-09-29T20:05:58Z,3, 15360, 0, 14.22
2026-09-29T20:06:00Z,3, 15360, 0, 14.22
2026-09-29T20:06:02Z,3, 15360, 0, 14.22
2026-09-29T20:06:04Z,3, 15360, 0, 14.22
2026-09-29T20:06:06Z,3, 15360, 0, 14.22
2026-09-29T20:06:08Z,3, 15360, 0, 14.22
2026-09-29T20:06:10Z,3, 15360, 0, 14.22
2026-09-29T20:06:12Z,3, 15360, 0, 14.22
2026-09-29T20:06:15Z,3, 15360, 0, 14.22
2026-09-29T20:06:17Z,3, 15360, 0, 14.22
2026-09-29T20:06:19Z,3, 15360, 0, 14.22
2026-09-29T20:06:21Z,3, 15360, 0, 14.22
2026-09-29T20:06:23Z,3, 15360, 0, 14.22
2026-09-29T20:06:25Z,3, 15360, 0, 14.22
2026-09-29T20:06:27Z,3, 15360, 0, 14.22
2026-09-29T20:06:29Z,3, 15360, 0, 14.22
2026-09-29T20:06:31Z,3, 15360, 0, 14.22
2026-09-29T20:06:33Z,3, 15360, 0, 14.22
2026-09-29T20:06:35Z,3, 15360, 0, 14.22
2026-09-29T20:06:37Z,3, 15360, 0, 14.22
2026-09-29T20:06:39Z,3, 15360, 0, 14.22
2026-09-29T20:06:41Z,3, 15360, 0, 14.22
2026-09-29T20:06:43Z,3, 15360, 0, 14.22
2026-09-29T20:06:45Z,3, 15360, 0, 14.22
2026-09-29T20:06:47Z,3, 15360, 0, 14.22
2026-09-29T20:06:49Z,3, 15360, 0, 14.22
2026-09-29T20:06:51Z,3, 15360, 0, 14.32
2026-09-29T20:06:53Z,3, 15360, 0, 14.22
2026-09-29T20:06:55Z,3, 15360, 0, 14.32
2026-09-29T20:06:57Z,3, 15360, 0, 14.32
2026-09-29T20:06:59Z,3, 15360, 0, 14.22
2026-09-29T20:07:01Z,3, 15360, 0, 14.31
2026-09-29T20:07:03Z,3, 15360, 0, 14.32
2026-09-29T20:07:05Z,3, 15360, 0, 14.22
2026-09-29T20:07:07Z,3, 15360, 0, 14.22
2026-09-29T20:07:09Z,3, 15360, 0, 14.22
2026-09-29T20:07:12Z,3, 15360, 0, 14.22
2026-09-29T20:07:14Z,3, 15360, 0, 14.22
2026-09-29T20:07:16Z,3, 15360, 0, 14.22
2026-09-29T20:07:18Z,3, 15360, 0, 14.22
2026-09-29T20:07:20Z,3, 15360, 0, 14.22
2026-09-29T20:07:22Z,3, 15360, 0, 14.22
2026-09-29T20:07:24Z,3, 15360, 0, 14.22
2026-09-29T20:07:26Z,3, 15360, 0, 14.22
2026-09-29T20:07:28Z,3, 15360, 0, 14.22
2026-09-29T20:07:30Z,3, 15360, 0, 14.22
2026-09-29T20:07:32Z,3, 15360, 0, 14.22
2026-09-29T20:07:34Z,3, 15360, 0, 14.22
2026-09-29T20:07:36Z,3, 15360, 0, 14.22
2026-09-29T20:07:38Z,3, 15360, 0, 14.22
2026-09-29T20:07:40Z,3, 15360, 0, 14.32
2026-09-29T20:07:42Z,3, 15360, 0, 14.22
2026-09-29T20:07:44Z,3, 15360, 0, 14.22
2026-09-29T20:07:46Z,3, 15360, 0, 14.22
2026-09-29T20:07:48Z,3, 15360, 0, 14.22
2026-09-29T20:07:50Z,3, 15360, 0, 14.22
2026-09-29T20:07:52Z,3, 15360, 0, 14.22
2026-09-29T20:07:54Z,3, 15360, 0, 14.22
2026-09-29T20:07:56Z,3, 15360, 0, 14.22
2026-09-29T20:07:58Z,3, 15360, 0, 14.22
2026-09-29T20:08:00Z,3, 15360, 0, 14.22
2026-09-29T20:08:02Z,3, 15360, 0, 14.22
2026-09-29T20:08:04Z,3, 15360, 0, 14.32
2026-09-29T20:08:06Z,3, 15360, 0, 14.32
2026-09-29T20:08:08Z,3, 15360, 0, 14.32
2026-09-29T20:08:11Z,3, 15360, 0, 14.32
2026-09-29T20:08:13Z,3, 15360, 0, 14.32
2026-09-29T20:08:15Z,3, 15360, 0, 14.32
2026-09-29T20:08:17Z,3, 15360, 0, 14.32
2026-09-29T20:08:19Z,3, 15360, 0, 14.32
2026-09-29T20:08:21Z,3, 15360, 0, 14.32
2026-09-29T20:08:23Z,3, 15360, 0, 14.22
2026-09-29T20:08:25Z,3, 15360, 0, 14.22
2026-09-29T20:08:27Z,3, 15360, 0, 14.32
2026-09-29T20:08:29Z,3, 15360, 0, 14.22
2026-09-29T20:08:31Z,3, 15360, 0, 14.32
2026-09-29T20:08:33Z,3, 15360, 0, 14.31
2026-09-29T20:08:35Z,3, 15360, 0, 14.22
2026-09-29T20:08:37Z,3, 15360, 0, 14.32
2026-09-29T20:08:39Z,3, 15360, 0, 14.22
2026-09-29T20:08:41Z,3, 15360, 0, 14.22
2026-09-29T20:08:43Z,3, 15360, 0, 14.22
2026-09-29T20:08:45Z,3, 15360, 0, 14.22
2026-09-29T20:08:47Z,3, 15360, 0, 14.21
2026-09-29T20:08:49Z,3, 15360, 0, 14.22
2026-09-29T20:08:51Z,3, 15360, 0, 14.22
2026-09-29T20:08:53Z,3, 15360, 0, 14.22
2026-09-29T20:08:55Z,3, 15360, 0, 14.22
2026-09-29T20:08:57Z,3, 15360, 0, 14.22
2026-09-29T20:08:59Z,3, 15360, 0, 14.22
2026-09-29T20:09:01Z,3, 15360, 0, 14.22
2026-09-29T20:09:03Z,3, 15360, 0, 14.22
2026-09-29T20:09:05Z,3, 15360, 0, 14.22
2026-09-29T20:09:08Z,3, 15360, 0, 14.32
2026-09-29T20:09:10Z,3, 15360, 0, 14.22
2026-09-29T20:09:12Z,3, 15360, 0, 14.22
2026-09-29T20:09:14Z,3, 15360, 0, 14.32
2026-09-29T20:09:16Z,3, 15360, 0, 14.22
2026-09-29T20:09:18Z,3, 15360, 0, 14.22
2026-09-29T20:09:20Z,3, 15360, 0, 14.31
2026-09-29T20:09:22Z,3, 15360, 0, 14.31
2026-09-29T20:09:24Z,3, 15360, 0, 14.22
2026-09-29T20:09:26Z,3, 15360, 0, 14.32
2026-09-29T20:09:28Z,3, 15360, 0, 14.32
2026-09-29T20:09:30Z,3, 15360, 0, 14.32
2026-09-29T20:09:32Z,3, 15360, 0, 14.32
2026-09-29T20:09:34Z,3, 15360, 0, 14.32
2026-09-29T20:09:36Z,3, 15360, 0, 14.32
2026-09-29T20:09:38Z,3, 15360, 0, 14.32
2026-09-29T20:09:40Z,3, 15360, 0, 14.32
2026-09-29T20:09:42Z,3, 15360, 0, 14.32
2026-09-29T20:09:44Z,3, 15360, 0, 14.32
2026-09-29T20:09:46Z,3, 15360, 0, 14.32
2026-09-29T20:09:48Z,3, 15360, 0, 14.32
2026-09-29T20:09:50Z,3, 15360, 0, 14.21
2026-09-29T20:09:52Z,3, 15360, 0, 14.31
2026-09-29T20:09:54Z,3, 15360, 0, 14.31
2026-09-29T20:09:56Z,3, 15360, 0, 14.31
2026-09-29T20:09:58Z,3, 15360, 0, 14.22
2026-09-29T20:10:00Z,3, 15360, 0, 14.31
2026-09-29T20:10:02Z,3, 15360, 0, 14.22
2026-09-29T20:10:04Z,3, 15360, 0, 14.32
2026-09-29T20:10:07Z,3, 15360, 0, 14.22
2026-09-29T20:10:09Z,3, 15360, 0, 14.22
2026-09-29T20:10:11Z,3, 15360, 0, 14.22
2026-09-29T20:10:13Z,3, 15360, 0, 14.21
2026-09-29T20:10:15Z,3, 15360, 0, 14.22
2026-09-29T20:10:17Z,3, 15360, 0, 14.22
2026-09-29T20:10:19Z,3, 15360, 0, 14.22
2026-09-29T20:10:21Z,3, 15360, 0, 14.22
2026-09-29T20:10:23Z,3, 15360, 0, 14.32
2026-09-29T20:10:25Z,3, 15360, 0, 14.22
2026-09-29T20:10:27Z,3, 15360, 0, 14.22
2026-09-29T20:10:29Z,3, 15360, 0, 14.22
2026-09-29T20:10:31Z,3, 15360, 0, 14.21
2026-09-29T20:10:33Z,3, 15360, 0, 14.22
2026-09-29T20:10:35Z,3, 15360, 0, 14.21
2026-09-29T20:10:37Z,3, 15360, 0, 14.22
2026-09-29T20:10:39Z,3, 15360, 0, 14.22
2026-09-29T20:10:41Z,3, 15360, 0, 14.21
2026-09-29T20:10:43Z,3, 15360, 0, 14.32
2026-09-29T20:10:45Z,3, 15360, 0, 14.32
2026-09-29T20:10:47Z,3, 15360, 0, 14.32
2026-09-29T20:10:49Z,3, 15360, 0, 14.32
2026-09-29T20:10:51Z,3, 15360, 0, 14.32
2026-09-29T20:10:53Z,3, 15360, 0, 14.32
2026-09-29T20:10:55Z,3, 15360, 0, 14.32
2026-09-29T20:10:57Z,3, 15360, 0, 14.32
2026-09-29T20:10:59Z,3, 15360, 0, 14.32
2026-09-29T20:11:01Z,3, 15360, 0, 14.31
2026-09-29T20:11:03Z,3, 15360, 0, 14.32
2026-09-29T20:11:06Z,3, 15360, 0, 14.32
2026-09-29T20:11:08Z,3, 15360, 0, 14.32
2026-09-29T20:11:10Z,3, 15360, 0, 14.22
2026-09-29T20:11:12Z,3, 15360, 0, 14.32
2026-09-29T20:11:14Z,3, 15360, 0, 14.32
2026-09-29T20:11:16Z,3, 15360, 0, 14.22
2026-09-29T20:11:18Z,3, 15360, 0, 14.22
2026-09-29T20:11:20Z,3, 15360, 0, 14.32
2026-09-29T20:11:22Z,3, 15360, 0, 14.22
2026-09-29T20:11:24Z,3, 15360, 0, 14.22
2026-09-29T20:11:26Z,3, 15360, 0, 14.32
2026-09-29T20:11:28Z,3, 15360, 0, 14.22
2026-09-29T20:11:30Z,3, 15360, 0, 14.22
2026-09-29T20:11:32Z,3, 15360, 0, 14.22
2026-09-29T20:11:34Z,3, 15360, 0, 14.22
2026-09-29T20:11:36Z,3, 15360, 0, 14.22
2026-09-29T20:11:38Z,3, 15360, 0, 14.22
2026-09-29T20:11:40Z,3, 15360, 0, 14.22
2026-09-29T20:11:42Z,3, 15360, 0, 14.22
2026-09-29T20:11:44Z,3, 15360, 0, 14.22
2026-09-29T20:11:46Z,3, 15360, 0, 14.22
2026-09-29T20:11:48Z,3, 15360, 0, 14.22
2026-09-29T20:11:50Z,3, 15360, 0, 14.22
2026-09-29T20:11:52Z,3, 15360, 0, 14.22
2026-09-29T20:11:54Z,3, 15360, 0, 14.32
2026-09-29T20:11:56Z,3, 15360, 0, 14.22
2026-09-29T20:11:58Z,3, 15360, 0, 14.22
2026-09-29T20:12:00Z,3, 15360, 0, 14.22
2026-09-29T20:12:02Z,3, 15360, 0, 14.32
2026-09-29T20:12:05Z,3, 15360, 0, 14.32
2026-09-29T20:12:07Z,3, 15360, 0, 14.32
2026-09-29T20:12:09Z,3, 15360, 0, 14.32
2026-09-29T20:12:11Z,3, 15360, 0, 14.32
2026-09-29T20:12:13Z,3, 15360, 0, 14.32
2026-09-29T20:12:15Z,3, 15360, 0, 14.22
2026-09-29T20:12:17Z,3, 15360, 0, 14.32
2026-09-29T20:12:19Z,3, 15360, 0, 14.32
2026-09-29T20:12:21Z,3, 15360, 0, 14.32
